key,starts
3156,1
1731,2
4155,1
4250,1
242,2
360,1
2693,2
4948,2
4424,1
2138,1
814,3
1805,4
547,2
1800,3
1444,1
4807,1
2173,3
3706,1
2792,2
4292,2
4351,1
4862,3
514,3
5711,1
3395,1
4098,1
1865,1
5385,2
754,2
5035,1
1907,1
6206,1
4959,1
2966,1
3638,1
1278,2
93,2
581,2
4984,1
1024,5
2646,1
3756,1
896,2
2742,1
2288,1
1104,2
779,7
4368,2
4821,1
2721,1
3247,4
2016,1
476,1
2156,1
1728,4
11,2
4780,3
232,1
4841,1
1351,2
5905,1
5302,1
5610,1
2725,1
3259,4
3126,2
1217,1
5826,1
2716,1
1037,2
3207,4
5084,1
2856,1
1269,1
340,5
5639,1
1686,5
3838,1
5800,1
5715,3
5822,1
1422,1
3221,4
5849,1
4688,2
4616,5
2406,1
898,3
711,2
6055,3
1040,1
4687,2
1838,3
3135,1
3208,3
858,3
4311,1
2020,4
4598,3
3036,2
2871,2
5665,3
2706,4
3577,3
1309,2
2199,3
55,5
2770,1
6112,2
2942,1
3002,2
5898,3
2814,2
3636,1
2348,3
2684,3
465,1
1324,1
5330,2
4602,1
751,4
4364,2
1208,3
5634,1
1189,4
420,1
2024,3
5838,2
3083,2
3843,1
3825,1
4263,2
5573,1
3818,3
2230,2
5107,1
1459,1
5462,3
3155,1
2092,1
1593,2
4650,1
1823,2
4660,9
760,2
3119,3
624,4
5386,1
2126,9
2359,2
1344,4
4537,2
3793,1
2654,1
1106,1
4597,1
4330,2
4268,1
5418,1
2759,1
2130,1
5746,2
3323,1
2018,6
1286,1
204,2
6042,2
4596,1
3601,1
3783,1
2221,1
5903,1
305,3
1572,1
650,5
3698,2
1300,3
67,2
5940,2
1721,3
3998,2
14,3
988,1
1021,1
2804,6
2402,1
1181,1
2100,2
4127,1
2857,1
5974,2
5606,1
4613,1
3431,4
2352,2
5508,1
5476,4
2645,1
3112,2
1100,1
1781,1
2190,2
4439,1
3727,1
1346,3
3101,1
5249,2
1654,1
5789,4
2502,1
5552,1
1911,1
1476,1
3592,1
4347,2
3517,4
5975,4
3868,1
2240,3
2131,1
4715,2
2661,1
2205,1
5287,1
4803,1
421,2
1265,1
800,3
6190,1
3228,1
5756,3
3484,8
1469,1
65,2
5816,3
1880,1
4468,1
977,2
2831,1
5515,1
2816,3
3266,4
2864,2
4629,1
2553,2
1552,1
2306,2
3499,1
2416,1
2219,2
2855,1
1537,1
5592,1
294,2
1374,1
5198,2
838,6
2743,1
478,4
3832,8
4861,1
1605,1
5637,1
918,1
3633,2
5120,1
2858,1
2935,1
4704,1
5948,3
4757,1
4386,1
3508,2
3674,3
3684,1
5875,1
1426,2
5112,1
3791,2
4201,2
5745,2
5150,1
1247,1
2983,4
3522,1
4612,3
1394,1
2243,4
4365,1
655,3
5088,2
932,1
2490,1
3234,5
1999,1
495,1
4000,7
4320,1
4337,3
3197,4
507,1
561,4
221,1
1317,1
1545,1
4039,7
3048,2
2347,1
4122,1
529,2
4426,2
3409,1
5197,2
2673,1
4253,1
3132,1
2408,1
688,5
5835,3
1320,1
909,3
5700,1
1710,1
5827,1
2621,4
6192,1
1078,1
4293,1
5019,1
6049,4
4938,2
3328,1
317,1
2191,7
4283,2
1276,2
1588,1
1063,2
844,2
2686,2
958,1
2474,2
4040,6
731,2
5675,2
3371,3
2463,1
482,1
2452,1
1916,1
83,3
5654,1
4972,1
2059,2
4764,1
1310,3
1452,3
2740,1
3643,1
2501,1
41,2
3113,1
5344,4
3333,1
3807,4
5720,2
1755,1
3229,4
1943,1
1361,2
4148,1
5117,1
3928,3
913,2
153,5
2616,1
6118,3
4958,2
1177,1
4113,1
5383,1
3596,1
3741,3
1292,2
1716,1
108,1
3308,1
2585,1
1718,1
3895,2
4509,1
720,1
1271,1
5611,1
5497,4
3133,1
3249,2
5378,1
2947,1
3058,3
5743,4
2534,2
3849,1
4578,1
3561,2
448,2
5102,1
2604,1
500,9
1656,2
1740,2
3232,4
1819,1
3949,3
1173,1
5493,5
3359,2
5369,1
601,2
4555,1
753,1
4576,2
4391,1
4359,1
4053,2
2838,1
5324,3
2478,1
4144,1
4021,1
137,7
2500,2
2808,1
4786,6
4174,1
1739,3
708,1
3220,3
2519,1
3768,1
5737,4
2689,4
2547,1
5492,2
3687,2
2897,1
1529,1
1378,1
54,1
4814,2
419,2
3766,1
2467,1
4067,2
5193,1
3010,2
5792,1
6104,2
3080,1
1338,1
3121,3
4709,8
2182,2
5281,1
1125,2
3767,1
145,6
658,3
4778,1
4885,1
1356,1
4245,2
2722,1
5248,3
1530,1
5625,2
6156,2
5101,1
4168,2
4767,4
292,3
358,1
1468,3
5332,1
4065,1
425,1
4588,2
4140,2
5144,1
80,1
888,2
4790,1
1967,1
3900,1
1280,1
5928,1
4871,1
876,1
3263,2
5765,3
1268,3
3336,1
2491,1
1691,1
3455,1
2457,2
1015,2
956,2
1010,3
5612,1
5987,1
4087,1
4765,3
100,1
2410,1
149,5
2829,1
3429,1
2239,1
4647,1
5264,7
423,2
4372,1
6040,1
2991,6
4177,2
287,1
4732,1
1046,1
5320,1
5245,3
321,1
2194,2
1136,3
3905,2
5143,1
513,1
4255,1
5554,5
2376,3
3656,3
4232,1
769,2
4080,1
5641,1
6087,4
1646,1
5246,2
1790,3
3173,5
5735,1
2854,1
1989,1
5734,3
3326,2
5229,1
1095,1
2350,3
3382,3
3856,2
4590,1
1263,1
5361,1
1579,1
324,1
122,5
4204,2
4382,1
1912,1
64,4
5337,1
2624,11
2118,5
3465,1
5169,1
6090,2
3882,1
4826,2
5807,2
4219,1
1599,2
2681,2
910,3
3806,4
233,1
5775,4
951,2
3137,1
4352,1
6209,1
3161,1
5076,1
2813,4
4435,2
1449,2
3065,2
2574,1
1216,1
5555,2
890,1
4400,1
2944,1
1556,3
793,1
4416,1
253,5
5489,2
217,3
3103,4
1014,8
1446,1
5496,3
4837,3
2265,3
4836,5
5085,2
4585,2
5648,1
3899,3
1899,1
3355,2
2354,1
1996,4
5460,5
409,1
4550,1
4312,2
404,2
1118,1
2027,6
4458,2
1920,1
2538,1
3445,1
119,8
3532,5
6026,2
1945,1
5589,2
134,3
5191,2
125,4
4726,5
3778,1
3082,1
5571,1
4886,2
1705,3
4967,2
5122,1
3994,6
4995,1
4454,1
635,2
3776,3
2275,5
2659,2
612,2
5872,1
5475,3
3235,2
4434,1
5158,2
4710,1
5319,1
908,2
3243,1
3892,4
3312,1
3157,1
4568,1
836,1
3,6
1752,1
4763,2
3704,1
679,2
3347,5
5667,1
1772,1
3009,3
2021,1
6106,2
2030,5
3773,4
5381,1
5060,2
5316,1
4358,2
5044,1
3512,3
3842,2
810,1
5113,1
4379,1
2499,2
767,7
29,9
355,2
2495,1
878,1
2390,2
2419,2
5985,1
484,1
5,5
3467,2
4408,1
154,3
1150,2
101,2
4460,2
3152,1
88,2
3814,1
3701,1
1022,1
2450,1
4586,1
4412,1
5933,6
2217,1
5981,1
5978,1
6030,5
5039,1
109,1
223,1
3434,1
4175,1
1359,2
4695,1
2449,1
2807,4
4560,1
40,5
1159,2
2758,4
4284,1
4402,5
5440,6
2108,1
6163,4
1919,1
4880,1
451,1
4907,1
3063,5
3525,2
1829,4
3933,1
1608,1
4308,1
4196,1
1714,3
6146,4
432,1
1423,3
5290,1
4648,1
3891,3
3888,2
578,5
5973,1
5356,2
1191,2
4931,3
6098,1
2226,8
1345,1
3634,2
5209,2
3311,1
5640,1
3618,1
1145,2
3273,7
4503,1
2325,1
1307,2
5321,1
4374,1
1614,1
2396,2
351,1
2151,1
1542,1
5174,1
3918,2
3072,5
2345,1
2040,2
2085,1
4854,5
1613,1
3398,2
3963,6
4510,1
2521,1
5783,3
334,7
1297,1
3096,3
2849,1
5365,6
726,1
2853,2
4542,1
4961,4
6064,4
1978,3
491,2
1120,1
2928,2
4051,1
4410,1
4637,1
5010,1
6037,1
2403,1
144,5
1889,1
3306,2
1137,2
1285,1
4088,1
3523,5
4152,1
3424,3
1050,1
5685,3
4622,1
3789,1
912,3
3683,1
5309,2
4349,1
574,1
1479,2
1630,1
3158,1
3817,2
4942,1
378,3
3195,1
1544,1
5416,3
5000,1
161,2
5269,2
2189,2
4420,1
285,1
44,3
5045,1
5104,1
6084,1
369,1
1412,1
3624,1
1162,5
1424,1
1756,1
1506,1
4713,1
4711,1
786,2
3468,1
5988,1
2639,2
3404,1
5083,1
3937,2
820,1
2540,2
4669,4
5635,1
3038,5
3373,2
3390,3
1885,2
728,1
2927,1
4193,1
3274,2
5355,2
1382,1
4373,2
660,1
3952,1
4248,1
1427,2
3444,1
3605,2
2696,2
6178,1
2823,2
4078,1
3711,2
2809,1
3459,1
5053,1
5684,1
2890,1
2236,8
1791,2
5595,1
490,1
2826,1
197,3
176,6
599,1
1176,5
1711,3
4291,1
459,2
5029,1
5212,1
3245,5
2314,2
271,1
4185,1
5251,1
5533,1
2225,1
1477,1
1451,2
1540,1
3417,2
31,1
695,2
2427,1
1892,1
166,1
2263,3
3972,4
4438,1
1947,1
449,2
1463,1
4482,1
7,5
4071,1
4437,1
1504,1
2841,1
5540,3
2391,6
4951,2
216,2
4139,1
1968,2
3527,3
5696,1
104,1
3652,4
349,5
704,4
3303,4
5996,1
2954,1
4832,2
5600,2
5603,3
2208,2
182,2
2300,2
4338,1
607,1
3004,1
1941,1
5821,1
3985,5
4866,1
834,5
5234,5
4768,1
5693,1
2175,7
5787,2
6024,2
3489,5
3305,3
3060,2
4419,2
3310,6
1633,1
4401,1
5550,1
4057,2
4054,2
1431,3
4618,2
3658,1
6109,1
1833,2
3276,3
4111,2
2017,1
4126,6
2905,1
3214,2
4561,1
4045,7
45,6
3114,1
3780,2
2481,1
3604,5
3353,1
2559,1
2678,3
4190,1
5984,3
3309,3
5291,1
617,3
124,3
3494,6
4964,1
4882,4
1774,1
5782,1
1042,2
2343,1
4506,1
5257,1
3314,3
1333,1
560,1
2129,8
582,1
796,1
5401,1
3836,1
3231,1
3485,1
1152,2
4980,2
2522,7
1347,2
5694,1
5064,1
4748,1
2832,1
2234,3
4304,2
3947,1
849,1
2143,2
5299,1
4673,3
4941,1
5382,1
633,4
1762,1
323,2
3770,1
1491,4
3797,2
3986,5
5904,4
4474,1
6035,5
1230,1
3648,3
3939,2
4856,2
2680,2
3862,1
1244,4
1383,2
4443,1
3610,2
5718,1
6096,1
1388,1
4151,2
3216,1
1532,1
4852,4
4580,4
281,1
3913,1
3775,1
2625,1
3017,2
2933,1
494,2
447,3
4272,1
3302,3
1069,1
3419,2
6091,6
6063,7
2313,1
408,2
3874,4
3412,3
103,1
3254,8
4277,1
4567,1
1350,1
5459,3
4526,1
97,1
2513,1
4243,1
3545,4
6015,4
2516,1
1643,1
3673,1
2273,3
2664,1
5944,2
2732,1
6072,6
2872,3
2962,1
2995,4
5689,1
4884,3
987,3
590,4
787,1
3369,3
5138,1
1671,1
3548,4
2137,2
1695,2
1674,1
5056,1
3332,1
5303,1
1546,1
6205,1
6136,6
828,1
4231,1
3609,2
1084,1
783,2
5413,1
2602,1
4693,1
1893,2
4788,7
2139,4
5241,2
6065,8
826,3
1715,1
4432,2
4481,1
2763,1
5256,2
5153,1
4257,1
1362,1
3926,2
2851,1
5861,1
2597,2
4216,2
4686,1
780,5
1535,2
2169,1
4524,1
3992,4
1763,1
3284,3
4563,1
5494,1
5139,1
4022,2
5924,4
6168,2
1698,3
4173,2
121,1
5681,2
6038,1
5777,1
3315,1
1221,3
2431,1
4998,1
3600,1
2715,1
4917,2
1856,2
6144,1
5163,2
861,1
1830,2
3241,2
6,3
938,1
2231,2
541,1
3902,1
1415,1
4722,4
923,2
1676,1
759,2
763,1
1419,2
4604,1
5468,1
729,3
2172,1
4755,3
1839,1
5761,5
148,2
34,3
1974,1
5451,8
399,4
4702,1
4497,3
5495,2
5927,1
5754,1
2229,2
4074,1
981,3
3590,1
4235,2
213,1
1769,2
138,5
3061,3
2800,4
4621,4
527,1
543,1
1114,2
3929,1
5200,1
4895,3
2058,1
6150,1
3837,1
2728,1
5729,4
3734,1
5042,1
5691,1
4134,1
3953,3
3393,1
3682,1
3876,6
3451,1
4371,2
5199,2
118,8
3186,3
2591,1
1521,2
3537,7
5465,2
1057,1
2563,4
5809,1
1036,3
3374,5
1360,1
4282,2
3480,2
4197,1
4901,2
6045,3
2102,4
4079,1
4394,1
5124,1
5848,4
4513,1
5846,1
2015,1
5242,3
5954,2
2925,1
1555,1
412,1
2211,4
762,4
3554,5
6008,1
4247,1
169,1
2842,1
1609,4
4160,1
4592,2
2115,2
3479,2
147,3
3405,1
752,2
1946,1
3029,1
517,1
277,2
4500,2
2109,2
1815,2
774,6
3021,2
2393,1
1641,1
5731,2
3316,2
19,6
873,2
456,2
592,1
165,1
901,2
2582,3
3458,1
2152,1
2075,4
1489,1
5723,2
520,2
4355,1
4831,2
1895,1
5262,4
5310,1
596,1
1369,4
5289,2
3550,5
717,1
5327,2
2885,1
3427,3
5739,2
3851,5
1583,1
566,2
5210,2
5357,2
3966,4
359,2
5682,2
3388,3
2860,1
672,7
267,3
5915,3
4891,5
5165,1
3599,2
2710,1
3677,1
3045,2
885,2
86,4
2165,1
4215,1
2835,3
3493,2
3039,3
5335,1
157,3
1905,3
2865,1
2322,2
4599,2
5288,2
569,1
1447,1
632,2
2976,1
5891,3
3433,1
528,2
2025,2
3544,3
5206,3
3509,3
1813,1
1158,1
3125,1
813,1
1146,1
532,2
2382,3
4718,1
4677,1
5217,1
28,4
5394,1
960,4
1994,5
5728,2
2744,1
5295,2
3581,1
320,2
2397,1
5423,1
2000,4
1900,1
4116,1
1237,1
847,1
430,2
1964,1
3047,2
689,3
545,3
1501,1
78,3
1482,3
4607,2
5247,1
426,2
1913,1
4559,1
5993,1
4334,1
279,1
5359,3
42,6
388,2
1722,3
1026,5
5054,1
3408,2
5895,1
3007,1
3016,3
3348,2
4261,1
4430,1
5364,5
5375,2
2998,8
4288,1
2124,3
5629,1
1086,1
245,2
805,1
4246,3
3365,3
3886,4
1502,2
4739,1
3976,11
1712,1
249,1
825,5
3225,1
3448,2
2155,1
2093,1
175,2
5425,5
743,1
4824,4
5621,1
5646,1
2748,2
5692,1
2634,4
2437,1
1202,1
3921,1
1013,7
510,2
3813,2
293,3
1944,1
2891,2
3685,1
2761,3
6044,2
979,2
4539,1
1224,1
4089,2
2378,2
3483,3
1780,2
163,2
146,2
2637,1
318,3
2557,2
6073,2
6062,13
3551,3
1866,1
3070,2
5371,1
788,1
3877,8
664,1
5677,1
5077,3
1803,1
2294,8
6046,2
571,2
424,2
3260,1
371,2
817,2
526,1
2999,2
1767,1
95,2
662,2
3765,1
3749,1
1454,1
1080,1
4469,1
3539,2
4989,2
123,2
1465,1
775,1
6165,1
2643,2
2735,3
5243,9
4189,1
4476,2
330,3
3321,1
3820,2
3531,5
1527,2
1658,2
4224,1
3436,6
777,2
4642,1
2695,2
3583,2
1440,1
5858,2
2112,3
4350,1
1212,1
2755,2
4195,2
1066,1
897,4
572,5
823,1
373,1
92,1
35,1
653,1
2242,1
3030,1
3361,1
5426,1
5530,1
891,3
4873,2
3230,3
5089,1
501,7
435,2
5152,3
37,6
3335,1
2461,1
5260,1
111,1
6151,6
2731,2
5851,2
4615,3
203,2
5025,1
5709,1
2660,1
1771,1
4899,1
4979,1
296,1
3430,1
926,3
2278,2
5501,2
4975,1
2943,1
4745,1
3116,1
5658,1
3108,4
5522,5
4806,2
1456,2
4279,1
1564,1
2783,2
2113,1
1186,3
4325,1
1462,1
3141,2
680,16
865,2
2177,3
5266,2
3625,1
857,1
1921,1
3423,2
73,7
2737,1
186,5
3567,1
1279,1
4589,1
1003,2
36,1
5819,1
6167,2
405,1
2899,1
2953,1
5785,5
3999,4
2333,1
4210,1
2514,1
3584,3
2640,4
4570,1
1326,1
2630,2
4180,1
673,3
906,1
2960,1
247,1
3238,3
5886,1
6082,5
3989,3
5093,1
241,3
835,4
681,3
6195,1
5598,1
2609,2
5252,1
2052,1
4798,1
5373,2
5062,1
1291,1
5583,1
2411,2
5885,1
6002,1
741,5
3341,1
4286,1
4300,1
3735,1
205,1
5570,1
4887,11
3622,2
2033,3
1399,1
5797,2
401,2
466,2
3472,1
187,1
2080,1
3209,2
3438,1
291,4
5671,2
2174,4
3942,3
614,2
553,2
5441,1
2047,2
1117,1
5012,1
3495,5
4381,1
3543,3
5334,1
589,2
3620,4
4971,7
1669,1
3413,3
12,3
4844,1
5405,4
700,1
690,6
1995,1
3938,1
3695,1
5502,2
2957,1
4436,1
474,3
1207,2
99,1
1998,4
5688,1
112,2
3147,1
2703,1
2148,2
2493,1
502,1
6133,2
3854,2
4743,1
3071,4
523,1
3968,7
2351,2
3759,3
1083,1
2958,1
4784,1
5708,1
3089,1
5069,1
4966,3
1109,1
4525,1
5196,5
5880,2
3644,1
1677,2
3607,1
1260,1
4723,4
5596,1
551,1
5536,2
4737,1
641,3
2844,1
1632,1
4345,1
3560,6
2992,1
5664,3
436,2
4983,1
2827,1
3206,1
3084,4
5744,9
2082,2
2520,2
6117,3
563,2
5568,2
3496,1
2930,2
2192,9
5982,1
1033,4
5757,2
5869,2
6113,1
361,2
2656,3
2861,2
3204,1
4313,1
403,1
1029,1
863,1
6142,7
5991,2
6003,2
196,1
3015,4
618,3
2878,1
4829,2
3378,1
5461,1
3720,1
2568,1
2136,1
2636,2
4172,2
3681,1
809,1
269,1
2424,1
5608,2
5843,3
475,1
4333,1
1210,1
2907,1
3304,8
5504,1
1149,4
840,1
2086,1
1969,1
4603,2
3712,1
1738,1
4033,1
16,5
2694,2
6134,5
3792,3
2824,1
5585,1
2964,1
4822,2
5867,1
935,1
3487,1
3631,5
2617,2
609,1
1201,2
1157,4
2319,1
3055,6
5360,1
1884,1
6141,2
193,1
1726,3
3855,4
4397,1
5498,1
698,5
3650,1
2701,2
940,1
1981,1
2454,1
6182,1
659,3
4952,1
3672,2
1831,1
959,1
4536,1
4184,1
6043,8
846,1
2094,1
5086,1
3407,3
4946,1
136,4
1250,2
183,1
1199,1
1821,1
3439,4
6157,2
4639,3
5769,2
4356,1
972,1
801,2
5141,4
238,4
5628,4
671,1
5678,1
2564,4
5186,2
2952,3
4244,3
5170,2
3441,4
4977,2
4141,1
5999,3
5227,2
1553,3
4897,3
5161,1
5690,2
3763,1
3881,1
2525,1
1901,1
2934,1
2753,2
3175,7
4123,1
2662,3
6169,1
3786,1
2576,3
3611,1
5314,1
2388,1
1623,2
4724,1
4385,2
709,1
268,4
3558,2
2053,3
3875,2
6101,1
1219,2
895,3
2361,2
5154,1
3923,4
3623,3
5482,3
6014,2
3442,1
970,1
2458,1
5453,6
4610,5
2550,2
620,1
5403,1
3757,2
1717,1
851,2
4935,1
5151,2
2776,2
4523,1
4459,1
3740,3
4502,1
5577,1
5882,1
5278,1
3598,1
110,5
718,2
5567,1
3520,3
5535,1
2061,2
4377,2
1684,1
234,3
3981,4
3866,1
5962,2
1027,4
2482,3
4565,1
2344,1
199,1
3564,1
6079,4
3428,1
1129,2
634,3
2558,4
1525,1
785,2
5096,1
4467,3
48,3
5336,2
533,1
4064,2
3514,1
2160,5
5914,1
4909,1
3612,2
1636,1
2472,1
6210,1
3593,5
1243,2
3562,2
1167,2
1400,1
1227,2
1142,1
3327,2
5358,2
5907,2
831,3
4512,1
4558,1
2498,2
444,3
5036,1
4475,2
2432,1
4363,1
5333,3
1928,1
4138,2
1875,1
2247,6
5203,1
1848,1
1770,1
3205,1
1984,1
1352,1
2049,1
3463,1
2607,2
5506,1
85,3
2341,1
5274,1
4117,4
2069,4
4571,3
2405,1
3189,2
5464,3
6123,1
5157,3
3557,1
1154,2
1116,1
172,2
559,1
6092,2
1505,1
2778,5
343,2
2305,1
5528,2
4850,3
352,5
2426,3
4019,1
4422,2
5098,2
5023,1
3815,4
4734,2
5518,2
2249,4
1908,1
4164,1
4259,1
302,1
4876,4
2785,1
3237,7
2542,8
4820,2
389,3
2212,3
2042,1
6000,1
4643,1
3317,1
6102,3
329,4
666,1
4927,1
1574,1
1931,1
933,1
102,1
3530,3
5092,1
989,2
1933,1
284,1
5224,2
3858,4
2455,1
6025,1
509,1
5148,2
4192,1
1510,1
5707,1
1929,1
1270,1
4396,1
160,1
2548,5
3961,5
2497,1
2144,3
5740,6
5033,1
2959,2
1411,2
5055,1
5014,1
4680,1
3211,2
1744,2
1796,2
1471,3
4685,9
4083,2
4910,1
2937,2
1847,2
4171,1
3867,1
5812,1
3019,2
6153,1
5853,1
1950,1
610,5
4674,1
955,1
5164,1
206,2
976,4
2945,1
3751,1
2837,1
4635,6
3772,1
2087,1
5402,1
5773,4
353,3
3834,3
638,8
337,4
4099,1
1143,1
3619,2
2441,1
3761,1
3253,1
2135,1
687,3
4323,1
1133,1
1634,1
539,1
3758,2
5753,2
3059,3
4107,2
1959,4
3001,5
3847,2
5576,1
3074,6
945,2
2975,1
4624,1
2843,1
5187,5
2119,3
3176,3
6013,1
4265,1
5865,1
3707,1
2562,4
220,1
422,3
5906,1
3257,8
313,2
1108,1
4792,3
5377,1
4816,4
1647,1
4720,1
1940,1
473,1
5272,1
58,5
1287,2
4947,1
2340,3
5949,1
723,7
1305,1
2323,2
5617,1
733,5
6016,2
2536,1
2834,1
3511,1
5663,2
2687,2
226,2
1187,6
1960,1
5011,1
2812,1
1952,1
380,5
5444,2
2773,4
616,2
3128,1
1640,1
623,3
1563,1
5338,2
652,2
1112,1
1123,2
1138,5
3654,2
2487,1
3120,3
1692,1
1503,1
4992,1
4716,4
850,8
928,1
1238,1
5483,6
1079,3
727,1
5878,1
4289,2
382,6
1507,1
315,1
5652,1
4508,1
4456,2
2091,1
4370,2
4746,3
3443,2
6076,3
4102,2
3092,3
2484,1
1205,1
5428,1
357,1
5724,1
3870,1
6071,5
5376,1
3179,2
1377,1
2471,1
6160,1
5228,1
683,1
2794,1
1044,1
2777,4
5793,3
1436,1
5111,1
1001,1
2847,2
3692,2
605,2
2218,5
3227,2
5653,1
6208,1
5539,2
5297,1
3865,2
4546,1
6119,1
375,1
4867,2
568,3
6159,2
3606,1
747,1
5349,2
3307,3
1261,1
1534,2
1030,1
4043,7
4581,2
4380,1
3272,2
3215,4
5018,1
665,1
5566,1
1773,1
458,2
1757,1
5347,1
132,3
2185,3
4105,1
5258,1
2768,2
2193,2
1547,1
5270,2
1670,1
1883,1
2133,1
2116,4
5788,1
2733,1
1980,2
746,2
4409,1
3118,1
5100,1
74,5
5655,1
902,6
5959,3
1888,2
4976,1
5431,1
2529,1
5542,1
6012,4
5534,1
299,3
2098,3
1484,5
5318,2
2260,3
2012,1
2876,2
5660,1
1284,4
5005,2
4529,1
4501,1
5958,2
3572,5
2073,2
2140,5
5565,1
2906,1
5346,1
3044,2
3678,3
4154,1
4209,1
5079,1
4062,2
5794,1
5474,2
3385,3
552,1
3026,1
600,1
986,2
4736,3
1272,1
5429,6
4202,1
5630,1
2161,5
3675,3
4495,1
3165,3
1299,1
1948,1
1890,1
2802,2
5473,1
3357,3
2071,4
1818,1
3288,2
4601,1
3194,3
1975,1
4081,1
2990,4
3617,2
4212,4
4717,1
3578,2
3503,1
2196,4
1877,1
3964,4
3330,6
1433,4
4018,3
4582,2
2711,1
5026,1
4069,2
947,3
1229,1
394,1
2819,1
3750,4
2657,1
2892,1
557,2
2462,1
1958,1
3945,1
2822,1
6059,1
2798,2
2665,1
239,2
4182,3
1235,1
1450,3
5727,6
3721,1
5487,2
3585,1
3996,4
3812,2
5393,3
2702,1
5574,1
2066,1
5897,1
4919,1
2749,3
2923,1
1372,1
4930,1
619,4
4518,1
939,2
1887,1
3005,2
2765,1
5618,1
1751,1
1549,1
3203,5
3331,2
4690,3
6120,1
1857,1
2011,2
4920,1
2690,3
4252,1
5414,2
4496,2
440,2
1185,2
2850,1
4095,1
4936,2
5605,1
4457,1
222,4
2993,1
3505,1
2123,3
1056,2
4522,1
1965,1
4511,1
3661,1
1659,2
3528,3
2296,1
3313,1
1492,3
4225,2
251,3
3556,2
4888,5
2580,1
4699,3
946,1
5017,1
3401,2
4516,1
1621,1
3799,3
2489,1
1955,2
2064,1
1842,2
3300,6
5701,2
1732,4
812,2
5917,1
3529,4
71,4
2707,1
1631,1
4855,2
982,2
2766,1
5265,1
5308,1
3350,2
2142,3
1787,2
703,4
2181,2
893,1
6185,1
4922,1
925,3
3066,1
400,1
4741,1
2970,3
4657,1
5854,1
6148,2
208,1
2611,1
1543,1
2464,1
5995,1
1266,2
1585,2
773,8
5918,1
2620,1
5900,1
1386,1
830,4
3318,1
3736,4
4295,1
742,2
2399,4
5406,1
3418,1
1799,2
1249,1
1512,1
6066,3
1047,2
3804,5
5541,1
4206,1
6033,1
3857,1
1696,1
4046,4
1651,1
5172,1
1087,2
4540,2
190,2
3950,3
1963,1
5741,3
6176,2
4857,8
3859,4
5159,1
927,3
2653,5
2019,10
3576,6
5824,2
5437,1
3351,3
4840,2
5507,2
2468,2
446,3
3731,4
2979,2
5379,3
2438,1
5463,4
5391,1
5059,1
1332,1
4738,1
2984,2
3535,3
3003,8
1719,1
4759,1
6128,1
2912,2
4974,2
3143,1
4649,5
1059,3
1595,2
2201,3
3282,3
5913,1
4213,1
1735,1
4777,1
2779,6
1303,3
3629,6
625,2
2724,1
2762,1
3242,2
957,2
1190,1
4403,1
6036,2
4499,2
4131,1
4427,1
3800,5
1802,1
3764,1
1898,1
4987,2
871,1
1277,1
1846,1
5305,2
265,2
5832,1
246,1
6075,5
5087,1
1953,1
2895,3
5584,1
1784,1
4440,1
1938,1
3171,2
3944,4
2111,2
4789,1
1661,1
5178,3
5038,1
2503,1
4466,1
963,2
3198,2
2316,1
115,1
5932,1
3224,1
2524,1
705,8
1384,2
1336,2
1358,1
2614,1
1626,1
674,5
5642,1
4028,3
4314,2
2001,1
6039,1
4519,1
2479,2
1478,1
3831,4
4342,1
2631,1
2605,2
5844,2
2179,4
1226,1
758,3
622,3
22,1
1825,1
744,1
2184,3
4176,2
2527,2
5687,3
1515,1
2972,1
1991,1
3148,1
1061,1
3671,1
2598,2
5490,3
1311,1
1720,3
1252,1
4133,1
155,2
3251,1
6031,8
3754,1
1232,2
6077,3
3187,3
4399,1
4679,1
5048,1
431,2
4721,1
6115,1
714,4
1882,1
2197,3
6047,5
5512,1
3603,1
5836,2
5830,1
4146,2
4557,1
2793,1
4068,2
20,2
3476,2
5177,1
1708,2
2955,2
4340,2
2588,1
4453,1
4183,2
1257,1
6175,1
4911,2
2797,1
471,2
715,2
772,3
278,1
493,3
4725,1
768,5
629,4
1660,1
3931,3
575,1
2029,3
961,1
1148,2
3739,3
1398,1
4859,2
1867,1
892,1
2164,5
931,1
721,2
4,1
917,3
2392,1
1113,1
4429,1
6194,1
3190,1
2180,2
5292,1
5937,2
5559,1
5016,1
661,3
4315,1
1393,1
1743,4
5733,2
1801,2
5839,1
1568,1
3833,6
2224,4
4375,1
2272,1
3846,2
807,2
191,8
2262,7
5645,3
2289,3
5825,2
5989,1
964,1
4845,3
5673,2
3546,4
3957,8
1840,1
3042,3
2509,1
4100,3
1672,2
2480,1
379,3
263,2
1766,2
3139,1
3446,2
4470,1
4825,2
1413,1
4442,1
3879,4
3140,1
3830,1
3873,3
4329,1
821,1
4211,1
3012,4
2291,2
5204,1
2782,1
3850,2
4366,1
4714,1
4305,1
1511,1
5404,3
2383,2
4217,1
1007,2
314,2
603,4
5887,2
4912,1
5240,4
5511,2
5179,1
5438,2
6166,1
5125,1
1395,1
867,1
2504,2
4654,6
5455,4
2873,1
5185,1
4230,1
1403,1
1909,2
6020,1
869,1
4472,1
3178,3
2444,1
2650,1
5015,2
5162,1
377,3
1869,1
3566,6
5619,2
6138,2
1580,2
1932,1
4573,1
2552,2
3640,2
1925,1
2537,1
1937,1
289,4
4960,1
3488,1
4928,2
5947,1
2213,1
2806,5
316,2
5032,1
580,1
1496,1
3746,1
4070,2
2101,1
5261,2
4620,5
3027,1
2918,4
1335,2
4301,1
0,1
943,2
5175,3
5505,1
1683,3
1341,1
973,1
3486,2
3375,2
4839,1
3635,2
1483,2
461,2
1081,1
4916,1
4968,2
670,1
1018,5
4431,1
1306,1
433,4
5466,3
1455,2
5118,1
1470,2
3626,1
3490,3
1005,10
2079,1
980,2
4681,13
5526,1
2606,2
2626,3
1200,1
2364,1
5698,2
4158,2
1222,1
5516,1
1334,1
5395,2
2900,1
1861,1
3182,2
4634,1
5008,1
2005,2
5532,4
1592,2
4733,8
2587,1
663,1
6200,1
6139,1
1153,1
1256,1
450,4
4801,1
3689,2
2555,2
984,1
2422,2
1220,2
1115,1
1183,3
4082,1
87,1
1550,1
6207,1
5806,1
2176,2
1016,2
1110,2
5960,1
5452,11
1071,1
819,1
5081,1
2083,1
243,3
3762,1
4344,1
1070,1
4258,1
1764,2
4627,1
2750,1
952,2
5881,1
519,4
859,1
5294,2
4421,2
2883,1
1635,1
5786,1
3146,2
2473,1
59,3
5790,2
5632,2
4775,3
1197,1
1442,2
2337,1
5549,1
3878,4
613,5
2310,2
1035,4
5480,1
4569,3
872,1
2308,2
5779,2
4593,2
1453,1
2377,4
1734,3
1904,1
3504,3
5862,1
1841,1
2828,1
356,5
2596,2
3164,2
3049,3
4310,1
4877,9
1251,2
210,1
384,1
5686,2
4407,2
4270,1
5563,1
6080,12
6189,1
2074,1
5969,1
2821,1
546,1
3725,1
2360,2
2258,2
3025,3
4847,4
3615,2
3907,3
3501,1
4498,2
5140,1
5323,3
215,2
3595,4
3324,1
2008,7
1993,3
5184,1
734,1
1709,5
5510,2
2003,2
1255,1
5668,1
2434,1
739,6
5879,2
3580,2
1745,1
1702,3
4405,2
4532,1
1497,2
5643,1
5967,4
594,3
2523,1
1902,1
18,5
4999,4
2453,1
4462,1
2307,2
3819,7
1000,1
5604,2
2492,2
4756,3
3342,3
1169,3
3829,3
4817,2
691,4
1872,1
4864,3
5749,8
3240,1
4553,1
5856,2
5721,2
82,5
1248,1
1371,1
385,1
5167,2
1509,1
1873,1
843,1
5814,2
1814,1
3694,1
5446,1
5873,2
2751,2
5135,1
3343,3
6056,1
5072,1
3196,1
3824,1
46,7
1239,1
4389,1
3054,3
3700,3
3261,2
127,3
4776,1
1703,3
5205,3
370,3
6094,1
3425,5
4052,1
3346,2
1432,3
5524,6
4267,1
3925,1
2994,1
1443,1
2436,1
2929,2
3805,7
2298,2
676,5
5041,2
1457,3
2476,1
5317,4
5201,3
5847,1
3956,1
4954,2
2440,1
1607,1
5160,1
5866,1
2276,1
2913,2
5123,1
4491,1
3325,2
686,5
3073,3
89,3
4994,1
1195,1
1824,4
1701,1
1203,1
4309,1
5998,2
2127,1
5588,1
3997,7
4781,1
5271,5
4782,2
3771,2
1517,1
3582,2
4719,1
919,3
3478,4
129,1
1828,1
2076,2
5616,1
5279,1
1499,1
441,2
2009,2
1538,1
1367,2
2215,3
2575,1
211,3
1209,1
1648,1
4331,1
4480,1
887,1
5538,1
3869,1
1298,3
6161,2
2507,1
3153,1
3301,6
644,1
3067,3
4486,1
3549,5
4514,1
4007,1
2320,3
5706,2
4626,9
6131,1
2926,2
79,2
2810,2
1685,4
4450,1
1156,1
5341,1
3555,4
3098,4
2940,1
1590,1
5657,2
4269,1
1724,1
2366,1
4254,1
4636,1
1407,1
5523,1
4939,1
5815,1
4343,1
2916,2
2757,1
5211,2
418,7
4766,1
1864,1
4473,1
2026,2
5477,3
978,2
5762,2
3810,2
701,2
5457,4
6085,5
8,8
5398,1
5396,2
2171,1
905,3
4318,1
3608,3
5214,1
1926,1
3871,7
5114,1
2817,3
4303,2
3127,1
492,1
6052,2
2956,2
1102,1
3090,1
341,3
1323,1
950,2
4256,1
3665,3
1571,1
3091,1
4762,2
1408,1
4894,3
51,4
1638,1
2051,1
5560,1
4655,3
827,4
4890,2
2668,1
4697,1
4606,2
2004,1
5306,1
429,2
27,1
2036,2
2284,1
2526,1
6127,1
1706,1
4063,2
4166,1
1539,1
1094,1
5133,2
3717,3
562,1
4319,1
3984,2
120,5
3040,5
2539,1
567,1
5421,1
2245,2
1130,1
2901,1
1727,1
992,4
212,1
5977,4
2385,6
3980,4
228,1
778,2
3639,3
3258,5
4029,1
5363,2
4353,1
158,1
2967,2
5736,2
1578,1
1786,1
4749,2
5994,1
4535,1
1049,1
298,1
3046,4
2874,1
3461,1
462,1
1073,1
5037,3
4109,3
5725,1
3280,2
5194,1
5058,1
3329,4
331,7
1472,3
3974,1
5108,1
1498,2
2401,6
755,4
1322,1
702,6
5221,4
5910,1
1241,1
5230,2
2705,1
2644,1
2451,2
2235,5
1089,1
693,2
3779,1
2318,4
4404,2
139,4
1798,1
218,3
3826,2
548,1
6004,1
4299,1
6089,1
4925,1
84,3
4973,2
710,2
5751,2
4633,2
852,1
1812,1
921,1
3647,1
3364,3
1615,1
4031,3
3848,7
5923,2
1778,1
5389,1
5805,1
3339,3
2936,2
2032,2
5219,1
326,7
6203,1
4943,2
4038,1
1182,2
1559,1
706,5
5372,4
1391,1
1699,3
4393,1
595,1
4771,8
3491,1
363,5
3368,5
3591,1
998,2
985,2
5649,1
6179,1
4676,1
1854,2
761,6
4728,2
56,5
875,1
824,3
2389,3
1627,1
2801,1
3411,1
1048,1
3167,6
2818,2
4758,1
4362,1
13,3
3506,3
1097,1
1629,1
5901,6
1098,2
3646,2
5345,1
1090,2
5003,2
5553,1
1460,1
3320,2
2572,3
3519,5
920,1
4415,1
2868,1
174,2
2251,2
3889,2
4556,1
4892,5
6183,1
6088,2
2010,1
5831,1
2162,2
598,1
383,1
2246,2
297,5
4226,1
4924,1
4445,3
5222,3
2517,1
1822,1
3903,3
3416,1
3987,2
2425,3
5190,1
2920,6
2658,1
5766,1
282,1
4751,1
5669,1
845,1
2674,3
3500,1
5919,1
3352,1
2342,1
5419,1
486,1
3110,5
2739,1
2110,6
3244,7
1843,1
5747,2
2795,2
4802,1
4918,1
3594,2
2147,1
91,3
1175,2
219,1
5268,3
5220,2
1421,2
1262,1
5397,2
364,1
2286,1
1910,1
3344,1
1954,2
1612,2
50,3
5672,1
2704,2
2903,2
3281,3
1853,1
4727,1
4534,1
3102,3
4493,1
654,1
5075,1
735,1
2924,1
4661,9
2117,7
4515,1
1664,1
3006,2
4322,2
697,4
1053,2
2560,4
2729,1
1204,2
1107,1
2309,4
2642,1
5339,1
949,1
453,1
3912,7
2586,2
4115,1
170,3
806,1
5899,1
2889,2
3294,4
3714,3
4086,1
1754,1
464,1
904,1
3136,1
5942,2
1575,1
181,1
5784,3
3990,6
3000,2
5763,3
1405,2
4104,1
3563,5
1782,1
3402,2
2896,1
1293,2
5768,2
2968,2
1259,1
2772,1
3191,3
4026,1
3559,1
131,4
301,2
2915,1
525,1
5479,3
1611,2
2470,4
3131,1
4834,2
5094,1
696,3
4417,1
588,1
5695,1
5599,1
2635,1
2683,2
2769,2
1874,1
3492,2
2869,1
5780,3
2078,2
3991,6
5315,2
2282,3
5670,1
611,4
3864,1
1795,2
1519,1
829,1
4324,1
558,1
3403,2
3107,7
4933,1
4842,1
2515,3
3464,3
4024,2
300,1
5433,1
5774,2
5328,1
4564,1
4242,1
5601,1
3709,1
5679,5
5644,3
488,1
4149,3
3268,3
3914,5
2267,3
497,1
4541,2
899,4
179,6
965,1
3252,9
1480,1
257,2
1380,1
3587,2
2081,1
258,1
2252,9
1983,4
4969,1
2188,1
930,1
1737,1
4494,1
1124,5
6022,2
5581,3
5633,1
188,2
870,1
2669,1
4361,1
2532,1
765,8
68,1
4996,1
5983,3
4032,2
3360,3
5537,1
5666,2
1437,3
4203,1
874,1
5202,1
290,1
5921,2
3068,6
3334,1
3174,2
3043,3
3666,2
2254,4
564,2
3129,1
1637,1
6001,1
105,2
6197,1
2057,2
3188,3
26,3
5267,4
6010,1
2279,1
1321,1
5564,2
1514,1
3547,6
5547,2
4752,9
2825,1
2089,1
1085,1
3769,1
1430,2
2670,1
5351,1
3262,3
2045,2
24,6
6180,1
1817,1
576,1
5121,1
2866,1
1942,1
2528,1
2395,1
3085,2
4011,1
911,2
4003,5
1314,1
116,2
1373,3
4843,3
2581,2
3081,2
3748,2
3915,1
1088,2
5945,4
142,6
1713,3
4531,1
2420,3
3688,5
5857,2
5436,2
5529,2
4905,1
6028,1
2417,1
640,7
2271,1
5293,1
3941,1
4631,3
4321,1
5400,1
3705,4
6130,1
4750,1
5859,1
2150,1
4963,1
2511,1
4608,2
5602,2
707,8
3521,3
4260,1
694,1
4770,2
3011,2
3586,1
5936,2
5244,1
789,2
3745,2
5705,1
3724,2
2270,2
784,2
4658,3
3023,1
2486,2
3295,3
6152,6
4287,1
4280,1
1283,1
4073,1
2781,2
4805,2
2446,2
5676,3
5965,1
515,6
647,2
1793,1
2355,1
4463,1
5218,2
1971,1
5263,1
2593,1
195,1
6067,3
77,8
3657,1
4085,3
1707,1
4147,1
1753,1
1127,1
4406,1
2881,1
4050,2
5970,1
2297,2
4667,1
5434,1
5024,1
5354,2
944,1
3150,1
6005,1
2619,1
5409,2
5136,2
480,3
5370,9
3239,3
135,4
4013,5
2412,1
2608,1
498,2
5422,1
2329,10
5514,1
1886,1
4584,2
5990,1
3056,1
841,1
3524,7
1025,1
2269,5
276,1
3372,2
3145,2
5525,1
390,1
1997,3
1810,1
3668,1
4302,1
1704,2
5558,1
3287,4
3642,1
2718,1
4044,6
2280,4
3930,4
1416,3
1617,1
5609,1
954,2
3645,1
4914,1
3726,1
381,3
69,2
941,3
1062,1
2618,2
5467,1
1986,1
4162,2
579,1
4017,3
2122,6
1065,1
5411,1
1990,1
4023,2
799,5
2671,1
3219,1
96,1
889,2
5238,3
2423,3
3275,2
1328,1
2330,3
5156,2
1785,1
3394,2
4703,1
3552,5
402,1
5342,2
2028,2
2981,2
3450,1
4103,1
6191,1
556,1
5147,1
1493,2
1246,1
1445,1
2006,5
6017,1
3079,1
2187,2
2409,1
335,2
468,1
4656,1
2065,1
3192,5
2676,3
5068,1
1166,2
5871,1
481,1
2336,2
5883,1
4446,1
4228,1
1596,3
1518,1
4181,2
1349,1
3540,2
1809,1
591,1
15,6
1365,1
2034,5
4791,1
2638,2
2971,1
3117,2
4153,1
2790,4
4962,1
4828,5
5795,3
1973,1
2170,3
585,1
2097,1
4774,1
4227,1
5556,3
1688,1
5513,1
1165,2
2380,3
5073,1
1119,1
2666,1
4625,2
344,6
5561,1
1466,1
5934,3
1318,1
4218,1
1473,1
1041,1
5469,8
4572,3
3265,2
4985,1
365,5
5255,1
2723,1
4108,2
4965,1
4447,1
3421,3
3510,6
3760,4
2363,1
4161,3
156,3
2460,1
4418,2
2013,1
5579,2
5311,5
2146,1
1096,3
1577,3
3115,1
72,6
2195,2
2332,1
1375,2
776,6
5651,1
2312,2
1765,1
336,6
5276,1
2965,3
274,1
4383,1
1486,1
5850,3
2216,2
207,2
4893,1
5484,2
2459,1
4813,1
4220,1
5509,1
3170,2
4297,1
5748,9
2882,1
3971,5
2084,1
3613,1
1586,3
3213,3
5065,1
2541,2
372,1
3051,2
2134,2
3397,1
4428,1
4411,1
3729,2
6196,1
915,3
6171,3
1927,1
1541,1
3852,3
5273,1
936,2
1009,1
5215,4
1970,1
2612,1
4668,1
1441,3
2362,1
4077,1
822,1
4544,1
5207,1
3481,3
3064,1
1055,1
4545,2
452,1
5130,3
3420,1
5841,1
4275,1
2898,1
3426,1
3223,2
1495,1
2050,2
685,1
3993,6
6193,1
1228,1
2836,1
6061,8
1281,2
5128,1
3097,4
880,8
4006,4
2386,1
467,2
630,8
5961,2
2530,1
4025,1
5719,1
1240,2
4294,1
5615,3
1075,1
508,2
4036,1
3278,1
4950,3
3676,2
4712,1
5613,4
2398,3
6057,3
2859,1
3659,5
3774,2
5674,2
2996,2
5450,4
303,1
4696,7
114,1
2833,1
5813,1
1604,1
1723,1
4165,4
1434,1
4810,1
39,8
1987,2
4666,8
1234,1
66,1
2535,1
407,1
1668,3
4388,1
2223,1
2442,1
522,2
6108,1
2035,2
1160,3
410,4
604,2
5837,1
4812,1
5049,1
1296,2
5817,1
6201,1
4041,4
4200,1
798,1
2764,1
61,6
6007,1
657,1
5106,1
1736,1
5925,2
4846,2
4492,1
1881,1
934,1
5099,1
3022,2
4990,1
879,2
3679,3
2447,2
5142,1
1934,1
608,1
5517,5
1749,1
4797,2
2592,1
4815,4
227,1
3860,4
5417,1
159,1
3392,1
4646,6
457,5
4566,1
2039,4
2894,2
1020,1
3716,1
3020,2
5325,1
3967,7
1494,1
5551,4
5313,1
6054,1
5149,1
2469,1
1461,1
3222,4
17,1
4528,1
342,1
5182,2
4818,3
2106,2
3358,3
1966,1
1591,4
3474,2
5004,1
162,6
2128,1
1355,1
5091,1
586,3
637,1
2811,3
4001,6
2435,2
5591,1
5232,1
5442,2
5893,2
2292,1
1523,3
5874,1
924,2
2237,4
2158,7
4700,4
5216,1
5636,1
445,1
1957,1
3839,1
1526,1
518,1
1274,1
2373,1
4988,1
2877,1
2803,2
43,9
4118,1
1121,1
719,3
4823,1
312,1
2120,4
396,2
6032,3
530,2
1357,1
1951,1
6100,1
5662,1
2556,2
1979,2
587,2
1976,1
5392,4
4296,2
126,6
5420,1
1,4
6124,2
636,2
2505,1
3782,1
5798,1
151,2
669,3
4665,1
4672,1
4367,1
2917,1
3154,1
6069,1
5842,2
550,1
3809,3
1508,1
2615,2
538,1
1331,1
1147,1
2699,3
2103,2
5046,1
1034,1
3571,1
2545,2
3466,1
2551,1
4664,1
2679,3
4395,1
3614,2
3366,1
25,5
2902,1
3383,1
4072,1
1693,2
6145,5
3840,6
855,3
4240,1
646,2
6099,1
1567,2
6034,3
3456,2
2041,3
4425,1
3796,2
1827,1
4915,1
1245,1
4663,4
2200,2
4341,1
677,3
3199,2
4145,1
3755,1
5804,1
2088,1
4327,2
1598,1
994,1
5105,1
4955,1
2950,2
2002,2
1397,1
2299,3
3389,3
4097,2
3693,1
5818,1
1294,4
3270,2
1619,1
5888,1
5427,1
2387,4
4772,1
2663,1
1289,3
5236,1
1851,2
5750,1
1233,1
953,2
3233,3
808,1
2324,1
4986,3
113,1
3475,1
4730,1
4860,3
2880,1
4094,1
745,2
1131,1
1522,1
4747,1
4830,3
3319,1
1551,1
5353,2
1151,3
4641,1
2068,3
374,2
3193,6
6027,1
4112,2
1560,3
5810,1
6158,3
1253,3
3710,1
2404,1
3538,8
5126,2
4872,2
325,1
3943,3
5968,1
4949,3
4833,4
5799,1
4317,1
2334,2
4207,1
2610,2
1267,1
3513,2
1573,1
2141,4
2667,1
75,1
1777,1
5301,1
966,4
2274,1
3400,1
3376,1
3742,2
3708,4
5828,1
1876,1
4483,2
900,4
839,3
414,1
1742,1
5586,4
2070,3
5007,1
4533,2
1387,2
2549,1
2775,3
392,2
504,1
842,1
1806,1
4119,3
288,2
3094,2
534,2
4944,1
1481,1
2982,1
2335,6
6111,2
4619,6
5544,2
2121,10
5966,2
439,1
975,1
1860,1
929,1
4521,1
2349,1
535,2
5171,1
3236,9
3286,2
5188,3
1939,1
3885,1
4249,1
3965,5
2969,1
3322,1
4662,1
261,1
3507,3
5047,1
4692,13
4562,2
1548,1
2932,2
6125,1
3462,1
3919,2
5545,7
3951,2
4132,1
4433,1
455,3
5590,1
5894,1
3291,2
2014,2
2494,1
391,2
2183,1
3345,1
5890,1
811,2
5503,1
3835,5
1792,1
5620,1
4785,1
1832,1
2207,3
3516,3
531,3
6172,4
2567,1
511,1
1582,1
3588,3
6135,6
3632,1
5343,3
4004,5
1879,1
1236,1
189,2
5607,1
98,4
3574,2
4804,2
5938,1
6107,1
2202,1
3440,3
1536,1
1223,3
4489,2
6147,2
1051,1
6154,2
3018,5
991,2
1807,2
4527,1
2691,1
740,3
209,1
3226,2
5277,1
5439,1
1242,5
5738,2
1308,1
2,3
477,2
2466,1
1690,2
4266,1
2799,1
4199,3
6162,2
803,3
4455,1
1082,1
252,4
1618,1
5384,2
2675,7
3144,1
2415,1
4870,5
5980,1
4316,1
969,2
5362,3
3381,2
2250,9
848,3
3087,1
4689,1
3954,8
5181,1
5145,1
5548,1
1896,1
1180,3
173,1
5366,3
4121,1
2370,2
3210,4
5829,2
2448,1
21,7
3422,1
3790,2
1364,3
3014,3
4594,1
1218,1
4169,1
868,1
1213,1
1730,4
5331,2
2413,3
4863,1
4623,3
3217,1
4551,1
4652,1
3166,7
3803,1
2512,1
2048,3
1863,1
3159,1
503,1
3664,3
5714,3
5631,2
4671,1
248,3
1254,4
3124,1
3901,1
4874,1
4221,1
2946,2
1385,2
3399,2
549,1
5071,2
1620,2
2730,1
971,2
2911,3
4465,1
4779,2
5704,1
5424,1
1687,2
3406,1
6081,2
5259,5
2186,3
10,6
1962,1
4945,1
2038,8
4464,1
1566,1
3123,1
4214,1
626,3
3995,7
2985,2
3978,8
386,8
2063,2
4691,1
1045,2
5448,9
5298,1
2867,1
4251,1
570,2
3669,1
1103,1
237,1
140,5
4281,1
33,1
2421,1
3076,1
2736,2
4682,1
4150,1
485,1
1406,2
5063,2
3292,3
1161,3
2601,1
3641,2
2418,2
5770,2
4628,1
3718,2
3880,1
542,1
995,1
4554,2
5127,1
3667,2
6164,6
1264,1
1761,2
5726,1
3922,2
2910,1
3894,2
3845,6
3916,2
3457,1
4048,8
2214,1
3028,2
1302,1
2633,2
5845,1
4875,2
3437,1
2771,5
6129,4
3568,1
3250,8
6198,1
3460,2
997,4
651,1
254,3
5992,1
2095,1
4794,2
1835,1
322,2
3109,4
3934,1
3363,1
724,3
6086,7
1164,2
4609,2
4731,1
2941,2
4889,4
2780,2
5374,1
3497,2
306,8
3690,1
593,1
1982,3
3628,1
4929,1
2974,1
1616,1
2577,4
1128,1
3777,1
643,1
1074,1
2904,1
4170,1
4694,1
185,2
1603,2
4198,1
1464,2
397,5
791,1
338,2
308,3
1576,2
3498,4
5208,2
4851,1
4413,1
990,1
2327,3
4587,1
5582,1
5860,1
2203,2
327,9
4729,1
168,3
4187,3
2566,6
5759,4
3979,4
4130,1
3271,4
5569,1
1354,1
804,2
3526,3
797,3
415,1
1779,2
2168,4
4136,1
5772,2
2056,2
231,2
259,3
4239,2
4059,4
1028,4
6114,1
4819,3
4387,1
2090,1
5078,1
713,1
366,2
1850,1
1339,1
4520,1
6126,1
1168,2
3202,4
2651,1
1215,1
2255,1
3248,4
649,4
3730,1
6018,3
3277,3
3884,2
487,3
1597,1
537,1
1052,2
3362,4
368,1
3616,2
5943,2
4179,1
3744,2
5013,1
716,2
1513,1
437,1
1729,3
225,2
5531,1
3386,4
5575,2
1650,1
4238,2
5134,1
4047,3
916,1
4796,4
1105,2
4793,2
3482,6
454,2
5399,3
3743,2
3162,2
5180,1
5237,5
5296,4
1561,1
5971,5
2257,2
5500,3
1438,1
1524,1
795,2
53,6
117,1
2358,3
4060,1
3738,2
4125,1
5282,1
3853,5
3898,1
1396,1
2595,1
3356,2
1316,1
3975,2
2072,1
2870,1
5002,2
2600,1
3827,1
3106,3
4853,7
1985,1
350,1
1194,1
628,9
4706,1
5623,3
5622,1
1820,1
5352,1
2884,1
3686,2
3696,1
668,2
5027,1
2815,2
1192,2
3380,1
749,4
5388,1
3255,2
4579,2
5877,1
1600,1
5189,1
6083,5
2997,4
1894,2
470,2
1023,1
1741,1
2227,2
3553,3
128,1
3279,2
1144,1
1072,1
2632,2
1134,1
5445,5
4638,2
9,1
229,2
2571,1
3349,1
194,1
5110,2
3798,2
2338,1
4898,1
3627,4
3289,1
2987,2
2951,1
2863,1
1101,2
2259,2
4705,1
2840,1
4093,1
4883,2
2603,2
2805,1
4191,2
3920,3
512,1
2787,1
3088,2
4236,1
6155,1
3008,4
1038,1
4035,1
5543,2
2599,2
1214,1
3723,2
2961,2
3160,6
1816,1
4932,1
1295,1
1225,1
4611,4
3449,2
2496,2
750,3
3821,2
6202,1
3960,3
6068,2
1924,1
2613,2
4698,1
2845,1
866,1
1862,2
2145,1
3655,5
1319,2
3297,2
5454,6
2023,1
1923,1
737,2
1558,3
2708,1
4009,6
250,2
4997,1
2317,1
5929,2
5001,2
4222,2
3906,1
4591,1
5022,1
5920,1
427,1
1315,1
2371,4
6211,1
201,2
794,3
4708,2
1972,4
107,2
6051,1
3069,2
862,1
6122,1
2241,1
1389,1
3788,1
2379,4
2222,1
1520,2
4332,1
999,1
5326,2
1528,1
3753,3
4223,3
5456,2
3184,2
573,6
2443,2
818,1
1570,1
1977,4
2428,1
4740,1
3811,7
3541,3
5626,4
3077,3
2726,1
2745,1
2789,1
3958,2
2266,3
5796,1
544,1
1429,1
1312,1
5597,1
283,1
3379,7
4795,1
5225,2
4902,2
3802,10
1673,1
5443,3
3935,2
2685,2
627,3
4326,6
472,4
2774,4
937,5
4278,1
1956,2
5074,2
1011,2
540,2
3185,3
832,3
411,2
2875,1
854,2
5697,1
730,2
180,4
2277,3
198,1
1602,1
3890,1
4617,1
4956,2
2210,3
6058,3
47,7
5840,1
3033,3
3163,1
192,2
6050,1
4678,2
6074,3
489,3
150,3
1826,1
883,1
1392,1
1017,2
5322,1
62,4
6019,4
1401,1
5009,1
3264,2
856,1
5146,2
4452,2
2475,1
2688,2
1163,4
3602,3
2698,1
506,3
1370,1
833,2
5082,1
884,1
1581,1
3075,3
4849,1
4290,2
2978,1
3823,2
1849,1
5823,1
1533,1
1903,1
1584,2
310,1
1132,1
2339,1
2628,5
3861,3
5052,1
2579,1
2569,1
5952,2
1337,1
1425,1
3370,3
3377,1
1665,2
5941,4
621,4
5387,4
1054,1
3970,3
3053,7
5972,1
555,1
230,1
3904,2
4005,4
3172,1
2949,3
4137,3
1697,1
5930,2
1748,1
5080,1
2261,6
5820,1
5699,1
1404,3
3138,1
398,1
1930,1
2746,1
1273,1
5057,1
1366,2
5557,2
4241,1
3897,1
5546,1
3269,1
184,4
3105,1
2031,1
4157,2
1126,1
2206,1
4760,3
6023,1
1858,2
1488,1
5070,1
3104,1
4061,1
1402,1
738,2
6173,14
2054,1
2712,1
837,2
5855,1
3177,6
1587,1
5951,1
460,1
3569,2
1076,1
5953,1
2565,3
4414,1
3149,1
3844,4
5283,1
1681,1
5051,2
1870,2
6095,1
4549,1
5955,2
5778,1
5976,1
6174,2
3052,5
881,3
5109,1
2531,1
5095,2
4110,1
2238,2
1624,1
1068,1
1379,1
4205,6
2293,1
2510,3
6132,1
757,4
1330,1
2830,1
2980,1
2321,2
1077,1
4101,1
1834,1
2862,2
4441,2
1092,3
4186,1
4838,1
882,1
3502,1
90,2
4543,1
164,7
1342,1
1091,1
2788,1
4478,1
5963,1
4970,1
417,3
3715,1
4056,2
1811,2
2508,1
130,1
2303,1
5129,2
4188,1
4773,5
4124,1
348,4
2738,1
3948,4
764,8
4600,4
5254,2
1353,1
3533,4
5767,1
1649,1
5870,1
5808,1
1135,1
2055,1
2233,1
5430,1
6021,3
4012,4
2477,1
5656,1
3988,3
6121,1
2105,1
1435,1
5499,2
1760,1
4008,6
5717,1
2268,5
1448,4
771,6
6048,2
2157,2
4953,3
3719,1
3130,1
4879,1
5472,3
2204,3
266,1
5811,1
5034,1
2697,1
2727,1
3670,1
692,5
1531,1
4937,2
2044,1
2326,1
1644,1
2285,1
4096,1
4583,1
3095,1
345,4
1290,1
2590,1
2295,2
5957,1
5097,1
3035,1
2919,2
1067,2
2301,3
362,2
4143,1
3637,2
2909,1
1565,1
309,6
4595,3
438,1
4552,1
2963,1
3452,2
347,3
853,1
5478,2
4982,1
5580,1
4640,1
3515,1
260,1
5909,2
4991,1
2357,1
307,4
499,3
907,2
1288,3
1655,1
5638,2
1855,2
3290,2
3927,2
2544,2
5066,1
1368,3
1019,2
5868,1
5876,1
792,3
5470,3
1340,1
5896,2
2682,3
1918,1
3031,1
2583,1
615,4
6070,4
178,2
295,1
5892,1
4390,1
4577,3
2796,3
3917,2
4787,3
1606,1
3111,9
2264,1
2879,2
639,3
1689,1
4015,5
4451,1
6011,1
1694,2
1657,1
584,2
1064,1
2784,1
2573,3
2256,2
4934,1
4653,1
3299,3
2760,2
3062,3
262,3
5307,1
2786,2
524,1
766,5
5223,2
2381,3
4811,2
4307,1
1390,1
5132,2
4783,3
5864,4
2543,1
4908,1
6006,2
94,2
244,1
5166,4
5250,1
3973,7
1381,1
1652,2
3338,2
2988,1
4129,2
5852,6
3732,2
5231,3
2734,1
3142,2
1747,1
3037,2
2414,3
5028,1
5803,2
5922,3
2253,2
1060,1
2647,1
1852,1
4547,1
5712,1
4163,3
1663,1
5562,1
3822,2
4335,1
4630,2
5340,1
3134,1
6149,1
2570,1
3653,1
3787,1
732,2
1417,1
235,1
1458,2
4076,1
962,1
2623,10
3909,1
4923,2
1155,1
6177,1
4659,1
4234,2
177,1
5432,1
1836,1
3471,2
5801,1
4276,1
2166,1
816,2
1750,2
2290,3
5485,2
5527,3
4348,1
270,2
1776,1
3086,2
1193,1
6105,2
4981,1
6103,2
1746,1
3589,1
1428,1
2456,1
202,2
5312,2
1058,1
2154,16
1420,1
3283,4
4517,1
2287,3
682,6
3078,1
4538,1
5908,2
3808,3
3367,1
171,4
4178,1
1725,2
4670,7
2921,3
1043,1
304,2
2067,1
4042,3
6140,1
5578,1
5713,1
5239,3
2159,2
1679,2
922,1
4378,2
2672,4
60,2
1008,2
5176,1
2578,3
1206,2
5802,1
6009,1
1871,1
328,5
1004,4
583,4
5115,1
4066,2
4848,2
1680,4
5752,1
4530,1
3722,1
3893,4
3454,2
4632,3
3801,2
4167,2
5061,1
2465,1
2302,2
81,3
3354,3
1348,1
3896,3
1868,1
2846,2
3340,1
1178,2
4423,1
1917,1
2652,1
2700,1
4869,4
4020,1
443,2
4090,2
2977,1
1775,1
4264,1
4800,4
4651,1
983,1
3983,2
5183,2
4398,2
2641,2
6199,1
311,1
4016,1
133,1
